{
  "absorbed_constraints": {
    "body_loop_coupling": 0.2850896395280537,
    "delta_neural": 0.5077010159916308,
    "delta_perturbation_response": 0.5043464474371181,
    "delta_stimulus": 0.5198493623732223,
    "motor_mean": 0.34457416136275393,
    "motor_slope": 0.5002464192038248,
    "neural_lagged_response": 0.5124295234961809,
    "neural_mean": 0.40547972209894106,
    "neural_peak": 0.26802823643519813,
    "neural_slope": 0.48957443128279715,
    "neural_variance": 0.016536503066339137,
    "perturbation_response": 0.6280722197676568,
    "perturbation_response_auc": 0.8140361098838284,
    "perturbation_response_decay": 0.5043464474371181,
    "perturbation_response_peak": 1.0,
    "population_activity_dispersion": 0.016536503066339137,
    "posture_mean": 0.22560511769335354,
    "posture_slope": 0.4991808394480114,
    "previous_neural_mean": 0.3900776901156796,
    "previous_perturbation_response": 0.6193793248934207,
    "previous_stimulus_mean": 0.4384669766430106,
    "stimulus_mean": 0.47816570138945536
  },
  "construction_packet_hash": "e460bb8e340593568bb1d3f857dd1502000459c9cf873f93cbb9a3b658de7948",
  "individual_id": "dryad_real_copper_v0_3_24_v0_3_leave_one_window_out_21",
  "internal_constraint_channels": [
    "neural_mean",
    "posture_mean",
    "stimulus_mean",
    "motor_mean",
    "perturbation_response",
    "body_loop_coupling",
    "delta_neural",
    "delta_perturbation_response",
    "delta_stimulus",
    "motor_slope",
    "neural_lagged_response",
    "neural_peak",
    "neural_slope",
    "neural_variance",
    "perturbation_response_auc",
    "perturbation_response_decay",
    "perturbation_response_peak",
    "population_activity_dispersion",
    "posture_slope",
    "previous_neural_mean",
    "previous_perturbation_response",
    "previous_stimulus_mean"
  ],
  "projection_model": {
    "coefficient_order": [
      "delta_stimulus",
      "perturbation_magnitude",
      "previous_stimulus_mean",
      "stimulus_mean",
      "intercept"
    ],
    "coefficients": {
      "body_loop_coupling": [
        -0.031431347281592664,
        0.15319943152906784,
        0.10728815895099705,
        -0.10877396451013549,
        0.15319943152906842
      ],
      "delta_neural": [
        -0.015795007093806837,
        0.2522288824566242,
        0.16055147044538634,
        -0.1232674221346325,
        0.252228882456625
      ],
      "delta_perturbation_response": [
        0.05466882526448752,
        0.23567108055688615,
        0.07090412097055056,
        -0.05542930694345625,
        0.23567108055688651
      ],
      "delta_stimulus": [
        0.38435620368674034,
        0.15391824706276172,
        -0.30739461427696574,
        0.3073995497295429,
        0.15391824706276017
      ],
      "motor_mean": [
        0.8127349595143908,
        -0.04886291186670296,
        -0.8518224516727894,
        0.822510377924293,
        -0.04886291186670724
      ],
      "motor_slope": [
        0.14079128657941636,
        0.21543376723791213,
        -0.03866486195145858,
        0.027483945187386095,
        0.21543376723791194
      ],
      "neural_lagged_response": [
        0.043140656021889365,
        0.21385728692379025,
        0.13450398998263402,
        0.006928016755237486,
        0.21385728692378933
      ],
      "neural_mean": [
        -0.2338771448676758,
        0.2220303776845797,
        0.4503780211484949,
        -0.23940664760644537,
        0.22203037768458114
      ],
      "neural_peak": [
        -7.619600451903233,
        2.24734389043922,
        8.832164641519153,
        -8.654380105575882,
        2.2473438904392666
      ],
      "neural_slope": [
        6.798518346193316,
        -1.6747953289292212,
        -7.633926529148794,
        7.637905456509266,
        -1.6747953289292634
      ],
      "neural_variance": [
        -0.536333108355847,
        0.15905816782134496,
        0.6176966533294106,
        -0.6140277278528978,
        0.15905816782134824
      ],
      "perturbation_response": [
        0.27557786218981767,
        0.21550798960996487,
        -0.11640211363673654,
        0.21924562504334902,
        0.2155079896099626
      ],
      "perturbation_response_auc": [
        0.2147480533033968,
        0.3385131787426229,
        -0.019780899827665826,
        0.071202033821626,
        0.33851317874262266
      ],
      "perturbation_response_decay": [
        0.05466882526448752,
        0.23567108055688615,
        0.07090412097055056,
        -0.05542930694345625,
        0.23567108055688651
      ],
      "perturbation_response_peak": [
        0.15391824742756802,
        0.461518367122501,
        0.07684031547906468,
        -0.0768415588978413,
        0.4615183671225014
      ],
      "population_activity_dispersion": [
        -0.536333108355847,
        0.15905816782134496,
        0.6176966533294106,
        -0.6140277278528978,
        0.15905816782134824
      ],
      "posture_mean": [
        -0.8755976539411876,
        0.3552617748907454,
        1.0663987696431843,
        -1.0400583070129632,
        0.3552617748907507
      ],
      "posture_slope": [
        -0.03898565092614714,
        0.2609526164138195,
        0.17411996674401198,
        -0.16480394581245703,
        0.2609526164138203
      ],
      "previous_neural_mean": [
        -0.04836888803861486,
        0.179090981090383,
        0.20611539334486587,
        -0.06971335984308719,
        0.17909098109038327
      ],
      "previous_perturbation_response": [
        0.32015845826413936,
        0.20568419671299074,
        -0.18137004050788547,
        0.2532626804415671,
        0.2056841949366332
      ],
      "previous_stimulus_mean": [
        -0.30739461427310266,
        0.07684031529574507,
        0.8458118290726291,
        0.15418228706257145,
        0.07684031529574431
      ],
      "stimulus_mean": [
        0.30739954982434814,
        -0.07684155873918423,
        0.15418228711205498,
        0.8458229433470401,
        -0.07684155873918404
      ]
    },
    "driver_names": [
      "delta_stimulus",
      "perturbation_magnitude",
      "previous_stimulus_mean",
      "stimulus_mean"
    ],
    "schema": "cef-construction-ridge-projection-model"
  },
  "projection_model_source": "construction_packet_training_examples_named_driver_ridge_least_squares",
  "protocol": "CEF-v0",
  "runtime": "wormsim-compatible-destination",
  "runtime_hash": "0a677137c66335b30203d7714071f41017f88fe50588a1ffe9d0a92203d9a6d0",
  "schema": "cef-v0-synthetic-worm-runtime",
  "state": {
    "latent_internal_state": {
      "body_loop_coupling": 0.2850896395280537,
      "delta_neural": 0.5077010159916308,
      "delta_perturbation_response": 0.5043464474371181,
      "delta_stimulus": 0.5198493623732223,
      "motor_mean": 0.34457416136275393,
      "motor_slope": 0.5002464192038248,
      "neural_lagged_response": 0.5124295234961809,
      "neural_mean": 0.40547972209894106,
      "neural_peak": 0.26802823643519813,
      "neural_slope": 0.48957443128279715,
      "neural_variance": 0.016536503066339137,
      "perturbation_response": 0.6280722197676568,
      "perturbation_response_auc": 0.8140361098838284,
      "perturbation_response_decay": 0.5043464474371181,
      "perturbation_response_peak": 1.0,
      "population_activity_dispersion": 0.016536503066339137,
      "posture_mean": 0.22560511769335354,
      "posture_slope": 0.4991808394480114,
      "previous_neural_mean": 0.3900776901156796,
      "previous_perturbation_response": 0.6193793248934207,
      "previous_stimulus_mean": 0.4384669766430106,
      "stimulus_mean": 0.47816570138945536
    },
    "runtime_step": 0
  }
}
